<linker>
<assembly fullname="Assembly-CSharp-firstpass">
<type fullname="UnityStandardAssets.ImageEffects.BlendToColor" preserve="all"/>
<type fullname="Niantic.Holoholo.ImageEffects.MaskedScreenGrayscale" preserve="all"/>
<type fullname="UnityStandardAssets.ImageEffects.VerticalWipeFromBlack" preserve="all"/>
<type fullname="UnityStandardAssets.ImageEffects.Antialiasing" preserve="all"/>
<type fullname="UnityStandardAssets.ImageEffects.Bloom" preserve="all"/>
<type fullname="UnityStandardAssets.ImageEffects.BloomAndFlares" preserve="all"/>
<type fullname="UnityStandardAssets.ImageEffects.BloomOptimized" preserve="all"/>
<type fullname="UnityStandardAssets.ImageEffects.Blur" preserve="all"/>
<type fullname="UnityStandardAssets.ImageEffects.BlurOptimized" preserve="all"/>
<type fullname="UnityStandardAssets.ImageEffects.CameraMotionBlur" preserve="all"/>
<type fullname="UnityStandardAssets.ImageEffects.ColorCorrectionCurves" preserve="all"/>
<type fullname="UnityStandardAssets.ImageEffects.ColorCorrectionLookup" preserve="all"/>
<type fullname="UnityStandardAssets.ImageEffects.ColorCorrectionRamp" preserve="all"/>
<type fullname="UnityStandardAssets.ImageEffects.ContrastEnhance" preserve="all"/>
<type fullname="UnityStandardAssets.ImageEffects.ContrastStretch" preserve="all"/>
<type fullname="UnityStandardAssets.ImageEffects.CreaseShading" preserve="all"/>
<type fullname="UnityStandardAssets.ImageEffects.DepthOfField" preserve="all"/>
<type fullname="UnityStandardAssets.ImageEffects.DepthOfFieldDeprecated" preserve="all"/>
<type fullname="UnityStandardAssets.ImageEffects.EdgeDetection" preserve="all"/>
<type fullname="UnityStandardAssets.ImageEffects.Fisheye" preserve="all"/>
<type fullname="UnityStandardAssets.ImageEffects.GlobalFog" preserve="all"/>
<type fullname="UnityStandardAssets.ImageEffects.Grayscale" preserve="all"/>
<type fullname="UnityStandardAssets.ImageEffects.ImageEffectBase" preserve="all"/>
<type fullname="UnityStandardAssets.ImageEffects.MotionBlur" preserve="all"/>
<type fullname="UnityStandardAssets.ImageEffects.NoiseAndGrain" preserve="all"/>
<type fullname="UnityStandardAssets.ImageEffects.NoiseAndScratches" preserve="all"/>
<type fullname="UnityStandardAssets.ImageEffects.PostEffectsBase" preserve="all"/>
<type fullname="UnityStandardAssets.ImageEffects.PostEffectsHelper" preserve="all"/>
<type fullname="UnityStandardAssets.ImageEffects.ScreenOverlay" preserve="all"/>
<type fullname="UnityStandardAssets.ImageEffects.ScreenSpaceAmbientObscurance" preserve="all"/>
<type fullname="UnityStandardAssets.ImageEffects.ScreenSpaceAmbientOcclusion" preserve="all"/>
<type fullname="UnityStandardAssets.ImageEffects.SepiaTone" preserve="all"/>
<type fullname="UnityStandardAssets.ImageEffects.SunShafts" preserve="all"/>
<type fullname="UnityStandardAssets.ImageEffects.TiltShift" preserve="all"/>
<type fullname="UnityStandardAssets.ImageEffects.Tonemapping" preserve="all"/>
<type fullname="UnityStandardAssets.ImageEffects.Twirl" preserve="all"/>
<type fullname="UnityStandardAssets.ImageEffects.VignetteAndChromaticAberration" preserve="all"/>
<type fullname="UnityStandardAssets.ImageEffects.Vortex" preserve="all"/>
</assembly>
<assembly fullname="Assembly-CSharp">
<type fullname="Niantic.Holoholo.Audio.Music" preserve="all"/>
<type fullname="Niantic.Holoholo.Audio.MusicService" preserve="all"/>
<type fullname="Niantic.Holoholo.Audio.Tools.MusicTestSceneRunner" preserve="all"/>
<type fullname="Niantic.Holoholo.Avatar.AvatarCustomizationOption" preserve="all"/>
<type fullname="Niantic.Holoholo.Avatar.AvatarCustomizationSet" preserve="all"/>
<type fullname="Niantic.Holoholo.Avatar.AvatarService" preserve="all"/>
<type fullname="Niantic.Holoholo.Avatar.Blink" preserve="all"/>
<type fullname="Scanlines" preserve="all"/>
<type fullname="Niantic.Holoholo.Avatar.LocalAvatarInstantiator" preserve="all"/>
<type fullname="Niantic.Holoholo.Avatar.MapAvatar" preserve="all"/>
<type fullname="DoNotOutline" preserve="all"/>
<type fullname="Outline" preserve="all"/>
<type fullname="Niantic.Holoholo.Avatar.PlayerAvatar" preserve="all"/>
<type fullname="Niantic.Holoholo.Avatar.Test.AvatarCustomizationTestGui" preserve="all"/>
<type fullname="Niantic.Holoholo.Avatar.Test.AvatarCustomizationTestInstaller" preserve="all"/>
<type fullname="Niantic.Holoholo.ForDebug.AssetBrowser.AssetBrowserController" preserve="all"/>
<type fullname="Niantic.Holoholo.ForDebug.AssetBrowser.AssetBrowserGestureHandler" preserve="all"/>
<type fullname="Niantic.Holoholo.ForDebug.AssetBrowser.AssetBrowserView2D" preserve="all"/>
<type fullname="Niantic.Holoholo.ForDebug.AssetBrowser.AssetBrowserView3D" preserve="all"/>
<type fullname="Niantic.Holoholo.ForDebug.AssetBrowser.AssetLoader" preserve="all"/>
<type fullname="Cardboard" preserve="all"/>
<type fullname="EnhancedUI.EnhancedScroller" preserve="all"/>
<type fullname="EnhancedUI.ListItemBase" preserve="all"/>
<type fullname="LeanTween" preserve="all"/>
<type fullname="LunarConsole.LunarConsole" preserve="all"/>
<type fullname="UpsightManager" preserve="all"/>
<type fullname="Niantic.Holoholo.ForDebug.AssetBrowser.AssetBrowserState" preserve="all"/>
<type fullname="BootSequenceGuiController" preserve="all"/>
<type fullname="Niantic.Holoholo.Boot.BootState" preserve="all"/>
<type fullname="Niantic.Holoholo.Boot.HoloBoot" preserve="all"/>
<type fullname="HoloBootMessage" preserve="all"/>
<type fullname="Niantic.Holoholo.DuctTape.TurnOffBatterySaverIOS" preserve="all"/>
<type fullname="Niantic.Holoholo.GameState" preserve="all"/>
<type fullname="Niantic.Holoholo.GameInput.InputEventService" preserve="all"/>
<type fullname="Niantic.Holoholo.Internationalization.I18nText" preserve="all"/>
<type fullname="Niantic.Holoholo.Login.LoginAgeGateGuiController" preserve="all"/>
<type fullname="Niantic.Holoholo.Login.LoginAgeGateState" preserve="all"/>
<type fullname="LoginBackgroundGuiController" preserve="all"/>
<type fullname="Niantic.Holoholo.Login.GoogleAuthState" preserve="all"/>
<type fullname="Niantic.Holoholo.Login.LoginChoiceGuiController" preserve="all"/>
<type fullname="Niantic.Holoholo.Login.LoginChoiceState" preserve="all"/>
<type fullname="Niantic.Holoholo.Login.PendingAuthGuiController" preserve="all"/>
<type fullname="Niantic.Holoholo.Login.PrivacyPolicyGuiController" preserve="all"/>
<type fullname="Niantic.Holoholo.Login.PrivacyPolicyState" preserve="all"/>
<type fullname="Niantic.Holoholo.Login.PtcAuthState" preserve="all"/>
<type fullname="Niantic.Holoholo.Login.PtcLoginGuiController" preserve="all"/>
<type fullname="Niantic.Holoholo.Login.PtcLoginState" preserve="all"/>
<type fullname="Niantic.Holoholo.Login.LoginState" preserve="all"/>
<type fullname="Niantic.Holoholo.Orientation.AvatarCustomizationGuiController" preserve="all"/>
<type fullname="Niantic.Holoholo.Orientation.CustomizationSlotButton" preserve="all"/>
<type fullname="Niantic.Holoholo.Orientation.FirstTimeUserAvatarCustomizationState" preserve="all"/>
<type fullname="Niantic.Holoholo.Orientation.AvatarSelectionGuiController" preserve="all"/>
<type fullname="Niantic.Holoholo.Orientation.FirstTimeUserAvatarSelectionState" preserve="all"/>
<type fullname="Niantic.Holoholo.Orientation.BannedCodenameBackgroundGuiController" preserve="all"/>
<type fullname="Niantic.Holoholo.Orientation.PlayerNameEntryGuiController" preserve="all"/>
<type fullname="Niantic.Holoholo.Orientation.RegisterUsernameState" preserve="all"/>
<type fullname="Niantic.Holoholo.Orientation.EulaGuiController" preserve="all"/>
<type fullname="Niantic.Holoholo.Orientation.EulaState" preserve="all"/>
<type fullname="Niantic.Holoholo.Widget.TextView" preserve="all"/>
<type fullname="Niantic.Holoholo.Orientation.FirstTimePokestopGuiController" preserve="all"/>
<type fullname="Niantic.Holoholo.Orientation.FirstTimeUserState" preserve="all"/>
<type fullname="Niantic.Holoholo.Orientation.FirstTimeUserWelcomeState" preserve="all"/>
<type fullname="Niantic.Holoholo.Orientation.WelcomScreenGuiController" preserve="all"/>
<type fullname="Niantic.Holoholo.Orientation.FirstTimeEncounterUI" preserve="all"/>
<type fullname="Niantic.Holoholo.Orientation.StarterMapPokemon" preserve="all"/>
<type fullname="Niantic.Holoholo.Orientation.FirstTimeUserWorldMapState" preserve="all"/>
<type fullname="Niantic.Holoholo.Onboarding.HintUI" preserve="all"/>
<type fullname="Niantic.Holoholo.UI.BadgeAwardGuiController" preserve="all"/>
<type fullname="Niantic.Holoholo.PlayerAwards.BadgeService" preserve="all"/>
<type fullname="Niantic.Holoholo.PlayerAwards.PlayerAwardsInstaller" preserve="all"/>
<type fullname="Niantic.Holoholo.RootState" preserve="all"/>
<type fullname="Niantic.Holoholo.Map.Debug.DebugMapGestureHandler" preserve="all"/>
<type fullname="Niantic.Holoholo.Encounter.EncounterApproachState" preserve="all"/>
<type fullname="Niantic.Holoholo.Encounter.BackgroundController" preserve="all"/>
<type fullname="Niantic.Holoholo.Encounter.EncounterArCameraController" preserve="all"/>
<type fullname="Niantic.Holoholo.Encounter.EncounterParkCameraController" preserve="all"/>
<type fullname="Niantic.Holoholo.Encounter.EncounterGestureHandler" preserve="all"/>
<type fullname="Niantic.Holoholo.Encounter.EncounterInteractionState" preserve="all"/>
<type fullname="Niantic.Holoholo.Encounter.EncounterIntroState" preserve="all"/>
<type fullname="Niantic.Holoholo.Encounter.EncounterPokemon" preserve="all"/>
<type fullname="Niantic.Holoholo.Encounter.EncounterSnapshotState" preserve="all"/>
<type fullname="ScreenShotHUD" preserve="all"/>
<type fullname="Niantic.Holoholo.Encounter.EncounterSummaryState" preserve="all"/>
<type fullname="Niantic.Holoholo.Encounter.EncounterSummaryUI" preserve="all"/>
<type fullname="ScoreItemView" preserve="all"/>
<type fullname="ScoreListAdapter" preserve="all"/>
<type fullname="Niantic.Holoholo.Encounter.EncounterCaptureCameraController" preserve="all"/>
<type fullname="Niantic.Holoholo.Encounter.EncounterTryCaptureState" preserve="all"/>
<type fullname="Niantic.Holoholo.Encounter.Pokeball" preserve="all"/>
<type fullname="Niantic.Holoholo.Encounter.PokeballEffects" preserve="all"/>
<type fullname="Niantic.Holoholo.Encounter.Reticle" preserve="all"/>
<type fullname="Niantic.Holoholo.Encounter.EncounterArrows" preserve="all"/>
<type fullname="Niantic.Holoholo.Encounter.EncounterNameplate" preserve="all"/>
<type fullname="Niantic.Holoholo.Encounter.EncounterToast" preserve="all"/>
<type fullname="Niantic.Holoholo.Encounter.EncounterUIController" preserve="all"/>
<type fullname="Niantic.Holoholo.Encounter.ItemUseConfirmationGuiController" preserve="all"/>
<type fullname="Niantic.Holoholo.Encounter.EncounterState" preserve="all"/>
<type fullname="Niantic.Holoholo.Map.UI.CompassGuiController" preserve="all"/>
<type fullname="ActionButton" preserve="all"/>
<type fullname="Niantic.Holoholo.UI.PositionPointerWidget" preserve="all"/>
<type fullname="Niantic.Holoholo.Map.UI.MainMenuGuiController" preserve="all"/>
<type fullname="MapMenuDrag" preserve="all"/>
<type fullname="MapMenuDrop" preserve="all"/>
<type fullname="Niantic.Holoholo.Map.UI.PlayerHudGuiController" preserve="all"/>
<type fullname="Niantic.Holoholo.Map.UI.PokeNav" preserve="all"/>
<type fullname="Niantic.Holoholo.Map.UI.PokeNavExpandedGuiController" preserve="all"/>
<type fullname="Niantic.Holoholo.Map.UI.PokeNavIcon" preserve="all"/>
<type fullname="Niantic.Holoholo.Map.UI.PokeNavPanel" preserve="all"/>
<type fullname="Niantic.Holoholo.UI.GlobalGuiInstaller" preserve="all"/>
<type fullname="Niantic.Holoholo.AR.ArService" preserve="all"/>
<type fullname="Niantic.Holoholo.Gym.ApproachCameraController" preserve="all"/>
<type fullname="Niantic.Holoholo.Gym.ApproachService" preserve="all"/>
<type fullname="Niantic.Holoholo.Gym.ApproachUIController" preserve="all"/>
<type fullname="Niantic.Holoholo.Gym.BattlePrepUIController" preserve="all"/>
<type fullname="Niantic.Holoholo.Gym.GymApproachState" preserve="all"/>
<type fullname="Niantic.Holoholo.Gym.GymApproachStateInput" preserve="all"/>
<type fullname="Niantic.Holoholo.Gym.GymInRangeButton" preserve="all"/>
<type fullname="Niantic.Holoholo.Gym.GymTeamColorUI" preserve="all"/>
<type fullname="Niantic.Holoholo.Gym.GymMinimap" preserve="all"/>
<type fullname="Niantic.Holoholo.Gym.GymMinimapDot" preserve="all"/>
<type fullname="Niantic.Holoholo.Gym.PickTeamUIController" preserve="all"/>
<type fullname="Niantic.Holoholo.Gym.PokemonPickerUIController" preserve="all"/>
<type fullname="Niantic.Holoholo.Gym.ToggleArButton" preserve="all"/>
<type fullname="ArGroundPlane" preserve="all"/>
<type fullname="Niantic.Holoholo.Gym.ArGymBattleState" preserve="all"/>
<type fullname="Niantic.Holoholo.Gym.AttackAffector" preserve="all"/>
<type fullname="Niantic.Holoholo.Gym.BattleBackground" preserve="all"/>
<type fullname="Niantic.Holoholo.Battle.BattleCameraController" preserve="all"/>
<type fullname="Niantic.Holoholo.Battle.BattleDamageService" preserve="all"/>
<type fullname="Niantic.Holoholo.Battle.BattleFlickGesture" preserve="all"/>
<type fullname="Niantic.Holoholo.Battle.BattleFrameObservableService" preserve="all"/>
<type fullname="Niantic.Holoholo.Battle.BattleGestureHandler" preserve="all"/>
<type fullname="Niantic.Holoholo.Battle.BattleLogObservableService" preserve="all"/>
<type fullname="Niantic.Holoholo.Battle.BattleServerConnectionService" preserve="all"/>
<type fullname="Niantic.Holoholo.Battle.BattleTimingService" preserve="all"/>
<type fullname="Niantic.Holoholo.Battle.GymBattleTransforms" preserve="all"/>
<type fullname="Niantic.Holoholo.Battle.BattleNameplate" preserve="all"/>
<type fullname="Niantic.Holoholo.Battle.BattlePokemon" preserve="all"/>
<type fullname="Niantic.Holoholo.Battle.EnemyBattlePokemon" preserve="all"/>
<type fullname="Niantic.Holoholo.Battle.FriendlyBattlePokemon" preserve="all"/>
<type fullname="Niantic.Holoholo.Battle.FriendlyBattlePokemonPool" preserve="all"/>
<type fullname="Niantic.Holoholo.Battle.PlayerBattlePokemon" preserve="all"/>
<type fullname="Niantic.Holoholo.Gym.GymBattleState" preserve="all"/>
<type fullname="Niantic.Holoholo.Battle.AttackRing" preserve="all"/>
<type fullname="Niantic.Holoholo.Battle.BattleToast" preserve="all"/>
<type fullname="Niantic.Holoholo.Battle.EnemyAlertIndicator" preserve="all"/>
<type fullname="Niantic.Holoholo.Battle.Letterbox" preserve="all"/>
<type fullname="Niantic.Holoholo.Battle.PlayerAlertReticle" preserve="all"/>
<type fullname="Niantic.Holoholo.Battle.BattleCountdown" preserve="all"/>
<type fullname="Niantic.Holoholo.Battle.BattleTimer" preserve="all"/>
<type fullname="Niantic.Holoholo.Battle.FollowEnemy" preserve="all"/>
<type fullname="Niantic.Holoholo.Battle.FollowPlayer" preserve="all"/>
<type fullname="Niantic.Holoholo.Battle.FollowPokemon" preserve="all"/>
<type fullname="Niantic.Holoholo.Battle.GymBattleUI" preserve="all"/>
<type fullname="NextPokemonDisplay" preserve="all"/>
<type fullname="Niantic.Holoholo.Battle.NoPokemonLeftDisplay" preserve="all"/>
<type fullname="NubEnergy" preserve="all"/>
<type fullname="NubbedEnergyBar" preserve="all"/>
<type fullname="Niantic.Holoholo.Battle.PlayerCountUI" preserve="all"/>
<type fullname="PokemonHealthBar" preserve="all"/>
<type fullname="Niantic.Holoholo.Battle.SpecialBar" preserve="all"/>
<type fullname="Niantic.Holoholo.Battle.SurrenderButton" preserve="all"/>
<type fullname="Niantic.Holoholo.Battle.SwapButton" preserve="all"/>
<type fullname="Niantic.Holoholo.Battle.SwapUI" preserve="all"/>
<type fullname="Niantic.Holoholo.Battle.TapHighlight" preserve="all"/>
<type fullname="Niantic.Holoholo.Gym.GymResolveState" preserve="all"/>
<type fullname="Niantic.Holoholo.Gym.ResolveUIController" preserve="all"/>
<type fullname="StarStamp" preserve="all"/>
<type fullname="Niantic.Holoholo.Gym.GymState" preserve="all"/>
<type fullname="Niantic.Holoholo.Gym.GymAnimationController" preserve="all"/>
<type fullname="Niantic.Holoholo.Gym.GymApproachPlatform" preserve="all"/>
<type fullname="Niantic.Holoholo.Gym.GymAsset" preserve="all"/>
<type fullname="Niantic.Holoholo.Gym.GymProximityController" preserve="all"/>
<type fullname="Niantic.Holoholo.Gym.MapGym" preserve="all"/>
<type fullname="Niantic.Holoholo.Map.MapConfigs" preserve="all"/>
<type fullname="Niantic.Holoholo.Map.MapContentHandler" preserve="all"/>
<type fullname="Niantic.Holoholo.Map.MapEntityCell" preserve="all"/>
<type fullname="Niantic.Holoholo.Map.MapEntityService" preserve="all"/>
<type fullname="Niantic.Holoholo.CameraFollowingGround" preserve="all"/>
<type fullname="GymInBattleFX" preserve="all"/>
<type fullname="Niantic.Holoholo.Map.MapExploreState" preserve="all"/>
<type fullname="Niantic.Holoholo.Map.MapPokemon" preserve="all"/>
<type fullname="Niantic.Holoholo.Map.WildMapPokemon" preserve="all"/>
<type fullname="Niantic.Holoholo.AbstractTileBuilder" preserve="all"/>
<type fullname="Niantic.Holoholo.BuildingBuilder" preserve="all"/>
<type fullname="Niantic.Holoholo.ParkBuilder" preserve="all"/>
<type fullname="Niantic.Holoholo.RoadBuilder" preserve="all"/>
<type fullname="Niantic.Holoholo.WaterBuilder" preserve="all"/>
<type fullname="Niantic.Holoholo.WorldMapGui" preserve="all"/>
<type fullname="Niantic.Holoholo.MapTile" preserve="all"/>
<type fullname="Niantic.Holoholo.Map.MapSpawnPoint" preserve="all"/>
<type fullname="Niantic.Holoholo.WorldMapRenderer" preserve="all"/>
<type fullname="Niantic.Holoholo.Map.SkyDome" preserve="all"/>
<type fullname="Niantic.Holoholo.Map.MapGestureHandler" preserve="all"/>
<type fullname="Niantic.Holoholo.Map.MapScene" preserve="all"/>
<type fullname="Niantic.Holoholo.Map.PoiDirectoryService" preserve="all"/>
<type fullname="Niantic.Holoholo.Pokestop.PokestopApproachState" preserve="all"/>
<type fullname="Niantic.Holoholo.Pokestop.AwardItemBubble" preserve="all"/>
<type fullname="Niantic.Holoholo.Pokestop.PokestopDiskConfirmationGuiController" preserve="all"/>
<type fullname="Niantic.Holoholo.Pokestop.PokestopDiskConfirmationState" preserve="all"/>
<type fullname="Niantic.Holoholo.Pokestop.PokestopDiskInteractionGuiController" preserve="all"/>
<type fullname="Niantic.Holoholo.Pokestop.PokestopDiskInteractionState" preserve="all"/>
<type fullname="Niantic.Holoholo.Pokestop.PokestopDiskPickerButton" preserve="all"/>
<type fullname="Niantic.Holoholo.Pokestop.PokestopDiskSlotController" preserve="all"/>
<type fullname="Niantic.Holoholo.Pokestop.PokestopInteractionState" preserve="all"/>
<type fullname="Niantic.Holoholo.Pokestop.PokestopSpinnerGestureHandler" preserve="all"/>
<type fullname="Niantic.Holoholo.Pokestop.PokestopSpinnerInteractionGuiController" preserve="all"/>
<type fullname="Niantic.Holoholo.Pokestop.PokestopSpinnerInteractionState" preserve="all"/>
<type fullname="Niantic.Holoholo.Pokestop.FortProtoObservableService" preserve="all"/>
<type fullname="Niantic.Holoholo.Pokestop.MapPokestop" preserve="all"/>
<type fullname="Niantic.Holoholo.Pokestop.MapPokestopFar" preserve="all"/>
<type fullname="Niantic.Holoholo.Pokestop.MapPokestopInteractive" preserve="all"/>
<type fullname="Niantic.Holoholo.Pokestop.MapPokestopMode" preserve="all"/>
<type fullname="Niantic.Holoholo.Pokestop.MapPokestopNear" preserve="all"/>
<type fullname="Niantic.Holoholo.Items.TroyDiskEffect" preserve="all"/>
<type fullname="Niantic.Holoholo.Pokestop.PokestopDiskManager" preserve="all"/>
<type fullname="Niantic.Holoholo.Pokestop.PokestopState" preserve="all"/>
<type fullname="Niantic.Holoholo.Pokestop.PokestopResolveState" preserve="all"/>
<type fullname="Niantic.Holoholo.Map.TimeOfDay" preserve="all"/>
<type fullname="Niantic.Holoholo.Map.WorldMapState" preserve="all"/>
<type fullname="Niantic.Holoholo.Items.ItemBase" preserve="all"/>
<type fullname="Niantic.Holoholo.Items.ItemSpriteLookup" preserve="all"/>
<type fullname="Niantic.Holoholo.Items.ItemsInstaller" preserve="all"/>
<type fullname="Niantic.Holoholo.Items.IncubatorService" preserve="all"/>
<type fullname="Niantic.Holoholo.Items.Incense" preserve="all"/>
<type fullname="Niantic.Holoholo.Map.IncenseMapPokemon" preserve="all"/>
<type fullname="Niantic.Holoholo.Items.LuckyEgg" preserve="all"/>
<type fullname="Niantic.Holoholo.Items.PlayerBuffService" preserve="all"/>
<type fullname="Niantic.Holoholo.Items.ActiveBuffGui" preserve="all"/>
<type fullname="Niantic.Holoholo.Items.PlayerBuffGuiController" preserve="all"/>
<type fullname="Niantic.Holoholo.Items.PlayerBuffSelectionGuiController" preserve="all"/>
<type fullname="Niantic.Holoholo.Items.TroyDisk" preserve="all"/>
<type fullname="Niantic.Holoholo.Map.TroyDiskMapPokemon" preserve="all"/>
<type fullname="NianticLabs.Samples.AbstractTileBuilder" preserve="all"/>
<type fullname="NianticLabs.Samples.Builders.AreaBuilder" preserve="all"/>
<type fullname="NianticLabs.Samples.Builders.BuildingBuilder" preserve="all"/>
<type fullname="NianticLabs.Samples.Builders.WideLineBuilder" preserve="all"/>
<type fullname="NianticLabs.Samples.MapTile" preserve="all"/>
<type fullname="NianticLabs.Samples.MapTileManager" preserve="all"/>
<type fullname="BlobShadow" preserve="all"/>
<type fullname="Niantic.Holoholo.CameraRig.ProxyCamera" preserve="all"/>
<type fullname="Niantic.Holoholo.Encounter.SwapTextureByTime" preserve="all"/>
<type fullname="Niantic.Holoholo.UserTasks.CatchPokemonTask" preserve="all"/>
<type fullname="Niantic.Holoholo.UserTasks.FirstTimeVisitPokestopDecoration" preserve="all"/>
<type fullname="Niantic.Holoholo.UserTasks.FirstTimeVisitPokestopTask" preserve="all"/>
<type fullname="Niantic.Holoholo.UserTasks.UserTaskGuiController" preserve="all"/>
<type fullname="Niantic.Holoholo.UserTasks.UserTaskService" preserve="all"/>
<type fullname="Niantic.Holoholo.UserTasks.TasksInstaller" preserve="all"/>
<type fullname="PokemonGoPlus.PgpApi" preserve="all"/>
<type fullname="PokemonGoPlus.PgpEntryPoints" preserve="all"/>
<type fullname="PrefabEvolution.EvolvePrefab" preserve="all"/>
<type fullname="BattleMockArService" preserve="all"/>
<type fullname="BattleMockRunner" preserve="all"/>
<type fullname="Niantic.Holoholo.Gym.MockSetup.BattleTestInstaller" preserve="all"/>
<type fullname="Niantic.Holoholo.Gym.MockSetup.MockBattleTimingService" preserve="all"/>
<type fullname="Niantic.Holoholo.Battle.MockBattleTransforms" preserve="all"/>
<type fullname="Niantic.Holoholo.Encounter.MockSetup.EncounterTestInstaller" preserve="all"/>
<type fullname="Niantic.Holoholo.Encounter.MockSetup.EncounterTestRunner" preserve="all"/>
<type fullname="Niantic.Holoholo.Encounter.MockSetup.MockEncounterPokemon" preserve="all"/>
<type fullname="Niantic.Holoholo.Encounter.MockSetup.MockPokeball" preserve="all"/>
<type fullname="Niantic.Holoholo.Gym.MockSetup.GymAnimationTestInstaller" preserve="all"/>
<type fullname="Niantic.Holoholo.Gym.MockSetup.GymDataMockRunner" preserve="all"/>
<type fullname="Niantic.Holoholo.Pokestop.Test.RewardItemRunner" preserve="all"/>
<type fullname="Niantic.Holoholo.Widget.TestScene.RecyclerViewTestRunner" preserve="all"/>
<type fullname="Niantic.Holoholo.UI.TestScenes.ModalInteractionTestScene" preserve="all"/>
<type fullname="Niantic.Holoholo.UI.TestScenes.UserPromptsInstaller" preserve="all"/>
<type fullname="Niantic.Holoholo.Encounter.FullscreenQuad" preserve="all"/>
<type fullname="Niantic.Holoholo.Encounter.GyroTracker" preserve="all"/>
<type fullname="Niantic.Holoholo.Encounter.TakeScreenShot" preserve="all"/>
<type fullname="Niantic.Holoholo.Android.AndroidContext" preserve="all"/>
<type fullname="AnimEventUtils" preserve="all"/>
<type fullname="AnimTileUV" preserve="all"/>
<type fullname="Niantic.Holoholo.Animation.AnimationInvoke" preserve="all"/>
<type fullname="Niantic.Holoholo.DeferredInvoke" preserve="all"/>
<type fullname="Niantic.Holoholo.Animation.StaticMeshRendererState" preserve="all"/>
<type fullname="Niantic.Holoholo.Assets.AssetLoader" preserve="all"/>
<type fullname="Niantic.Holoholo.Assets.BundleManager" preserve="all"/>
<type fullname="ReApplyShaders" preserve="all"/>
<type fullname="ScaleParticles" preserve="all"/>
<type fullname="Niantic.Holoholo.Audio.PlaySFX" preserve="all"/>
<type fullname="Niantic.Holoholo.CameraRig.CameraBillboard" preserve="all"/>
<type fullname="CameraShake" preserve="all"/>
<type fullname="Niantic.Holoholo.CameraRig.SplineCameraController" preserve="all"/>
<type fullname="CameraFacingBillboard" preserve="all"/>
<type fullname="HoloCharacter" preserve="all"/>
<type fullname="Idle2Chance" preserve="all"/>
<type fullname="AnimAttackEvent" preserve="all"/>
<type fullname="Niantic.Holoholo.Assets.Character.AnimClipEventManager" preserve="all"/>
<type fullname="AnimEvent" preserve="all"/>
<type fullname="EyeIrisUV" preserve="all"/>
<type fullname="JointUV" preserve="all"/>
<type fullname="JointVisibility" preserve="all"/>
<type fullname="Niantic.Holoholo.Assets.Character.PokemonMaterialLerp" preserve="all"/>
<type fullname="Niantic.Holoholo.Assets.Character.PokemonModel" preserve="all"/>
<type fullname="Niantic.Holoholo.Assets.Character.xformToUV_OFFSET" preserve="all"/>
<type fullname="PlayerIcon" preserve="all"/>
<type fullname="Niantic.Holoholo.Assets.Character.PokemonBoundsService" preserve="all"/>
<type fullname="RotateCharacter" preserve="all"/>
<type fullname="Niantic.Holoholo.Collections.ObjectPool" preserve="all"/>
<type fullname="Niantic.Holoholo.Collections.TaskQueue" preserve="all"/>
<type fullname="Niantic.Holoholo.Connectivity.ConnectivityService" preserve="all"/>
<type fullname="ConstraintRotation" preserve="all"/>
<type fullname="Niantic.Holoholo.Cutscenes.PokemonCutsceneGuiController" preserve="all"/>
<type fullname="Niantic.Holoholo.Cutscenes.PokemonCutsceneService" preserve="all"/>
<type fullname="Niantic.Holoholo.UI.DefenderBonusCollector" preserve="all"/>
<type fullname="Niantic.Holoholo.UI.DefenderBonusService" preserve="all"/>
<type fullname="Niantic.Holoholo.UI.DefenderBonusGuiController" preserve="all"/>
<type fullname="Niantic.Holoholo.UI.DefenderBonusGuiEntry" preserve="all"/>
<type fullname="Niantic.Holoholo.DependencyInjection.BehaviourService" preserve="all"/>
<type fullname="Niantic.Holoholo.DependencyInjection.HoloholoInstaller" preserve="all"/>
<type fullname="Niantic.Holoholo.BlacklistedGameObject" preserve="all"/>
<type fullname="Niantic.Holoholo.FX.MovieFrameMaterial" preserve="all"/>
<type fullname="FlameLight" preserve="all"/>
<type fullname="FxSlowMo" preserve="all"/>
<type fullname="AssetDigest" preserve="all"/>
<type fullname="Niantic.Holoholo.BootSceneLoader" preserve="all"/>
<type fullname="CameraRaycast" preserve="all"/>
<type fullname="DisableOnStart" preserve="all"/>
<type fullname="Floater" preserve="all"/>
<type fullname="GameMasterData" preserve="all"/>
<type fullname="Niantic.Holoholo.GameMasterDataService" preserve="all"/>
<type fullname="Niantic.Holoholo.GlobalSettings" preserve="all"/>
<type fullname="HoloEntryPoint" preserve="all"/>
<type fullname="PlayerService" preserve="all"/>
<type fullname="RemoteConfigCache" preserve="all"/>
<type fullname="RotateEuler" preserve="all"/>
<type fullname="SoundController" preserve="all"/>
<type fullname="SpriteLookup" preserve="all"/>
<type fullname="TurnToFace" preserve="all"/>
<type fullname="HideShow" preserve="all"/>
<type fullname="HoloUtil" preserve="all"/>
<type fullname="IconMaker" preserve="all"/>
<type fullname="EggShell" preserve="all"/>
<type fullname="Niantic.Holoholo.Inventory.ItemListAdapter" preserve="all"/>
<type fullname="Niantic.Holoholo.Inventory.ItemListItemView" preserve="all"/>
<type fullname="Niantic.Holoholo.UI.PokemonDetailCamera" preserve="all"/>
<type fullname="Niantic.Holoholo.UI.PokemonDetailRenderer" preserve="all"/>
<type fullname="PokemonInfoEggHatch" preserve="all"/>
<type fullname="PokemonInfoEvolve" preserve="all"/>
<type fullname="Niantic.NLog" preserve="all"/>
<type fullname="Niantic.Holoholo.Map.BlurCamera" preserve="all"/>
<type fullname="Niantic.Holoholo.Map.Compass2" preserve="all"/>
<type fullname="Niantic.Holoholo.Map.DefaultingCameraLayer" preserve="all"/>
<type fullname="GPSErrorOverlay" preserve="all"/>
<type fullname="Niantic.Holoholo.GoogleMapsApi" preserve="all"/>
<type fullname="Niantic.Holoholo.Map.GroundTapHandler" preserve="all"/>
<type fullname="Niantic.Holoholo.Map.MapObjectPosition" preserve="all"/>
<type fullname="Niantic.Holoholo.Map.MapObjectPositionTweener" preserve="all"/>
<type fullname="MapViewHandler" preserve="all"/>
<type fullname="NativeLocationProvider" preserve="all"/>
<type fullname="VersionButton" preserve="all"/>
<type fullname="ParticleDestroy" preserve="all"/>
<type fullname="BadgeProgressBar" preserve="all"/>
<type fullname="Niantic.Holoholo.Player.ProximityTrigger" preserve="all"/>
<type fullname="Niantic.Procedural.BezierComponent" preserve="all"/>
<type fullname="Niantic.Holoholo.NuclearOption.ResetGame" preserve="all"/>
<type fullname="ScaleTarget" preserve="all"/>
<type fullname="SetOpacity" preserve="all"/>
<type fullname="ShaderLOD" preserve="all"/>
<type fullname="Niantic.Holoholo.SignalProcessing.HealthyGyroClassifier" preserve="all"/>
<type fullname="Niantic.Holoholo.Snapshot.ScreenCapturer" preserve="all"/>
<type fullname="Niantic.Holoholo.Snapshot.SnapshotPreview" preserve="all"/>
<type fullname="Niantic.Holoholo.Snapshot.SnapshotSignature" preserve="all"/>
<type fullname="Niantic.Holoholo.StreetView.StreetViewAPI" preserve="all"/>
<type fullname="FixedRotation" preserve="all"/>
<type fullname="Niantic.Holoholo.GameInput.TouchScriptInputLayer" preserve="all"/>
<type fullname="AutoHide" preserve="all"/>
<type fullname="Auto_Translate" preserve="all"/>
<type fullname="DynamicGridSize" preserve="all"/>
<type fullname="Niantic.Holoholo.UI.DynoScrollRect`2" preserve="all"/>
<type fullname="InitialAnimState" preserve="all"/>
<type fullname="LoadingScreenRandomPokemon" preserve="all"/>
<type fullname="Niantic.Holoholo.UI.PokemonTypeBackground" preserve="all"/>
<type fullname="RegisterToPokedexIcons" preserve="all"/>
<type fullname="ScrollRectElement" preserve="all"/>
<type fullname="Niantic.Holoholo.WebCam.WebCamProjector" preserve="all"/>
<type fullname="Niantic.Holoholo.WebCam.WebCamUtil" preserve="all"/>
<type fullname="FpsCounter" preserve="all"/>
<type fullname="Niantic.Holoholo.Widget.ClickableIconTextListAdapter" preserve="all"/>
<type fullname="Niantic.Holoholo.Widget.ClickableListAdapter`2" preserve="all"/>
<type fullname="Niantic.Holoholo.Widget.ClickableListAdapter" preserve="all"/>
<type fullname="Niantic.Holoholo.Widget.ClickableTextListAdapter" preserve="all"/>
<type fullname="Niantic.Holoholo.UI.ImageTextView" preserve="all"/>
<type fullname="Niantic.Holoholo.Widget.ListAdapterBase`2" preserve="all"/>
<type fullname="Niantic.Holoholo.Widget.ListItemClickableIconTextView" preserve="all"/>
<type fullname="Niantic.Holoholo.Widget.ListItemClickableView" preserve="all"/>
<type fullname="Niantic.Holoholo.Widget.ListItemTextView" preserve="all"/>
<type fullname="Niantic.Holoholo.Widget.ListView" preserve="all"/>
<type fullname="Niantic.Holoholo.Widget.ListViewSamples.ClickableIconTextListSample" preserve="all"/>
<type fullname="Niantic.Holoholo.Widget.ListViewSamples.ClickableListSample" preserve="all"/>
<type fullname="Niantic.Holoholo.Widget.ListViewSamples.TextListSample" preserve="all"/>
<type fullname="Niantic.Holoholo.Widget.TextListAdapter`2" preserve="all"/>
<type fullname="Niantic.Holoholo.Widget.TextListAdapter" preserve="all"/>
<type fullname="Niantic.Holoholo.Widget.ProgressBar" preserve="all"/>
<type fullname="Niantic.Holoholo.Widget.ScrollRectEx" preserve="all"/>
<type fullname="Niantic.Holoholo.Widget.TabButton" preserve="all"/>
<type fullname="Niantic.Holoholo.Widget.TabView" preserve="all"/>
<type fullname="Niantic.Holoholo.Widget.TextCase" preserve="all"/>
<type fullname="Niantic.Holoholo.Widget.TextEllipsis" preserve="all"/>
<type fullname="Niantic.Holoholo.Widget.TransformChildrenChangeMonitor" preserve="all"/>
<type fullname="Niantic.Holoholo.Widget.TransformTether" preserve="all"/>
<type fullname="Niantic.Holoholo.Auth.AuthenticationService" preserve="all"/>
<type fullname="Niantic.Holoholo.BatterySaverService" preserve="all"/>
<type fullname="Niantic.Holoholo.Internationalization.LocaleService" preserve="all"/>
<type fullname="Niantic.Holoholo.Services.ObservableService`1" preserve="all"/>
<type fullname="Niantic.Holoholo.Pgp.PgpActivityMonitor" preserve="all"/>
<type fullname="Niantic.Holoholo.Pgp.PgpDeviceItemView" preserve="all"/>
<type fullname="Niantic.Holoholo.Pgp.PgpGuiController" preserve="all"/>
<type fullname="Niantic.Holoholo.Pgp.PgpGuiService" preserve="all"/>
<type fullname="Niantic.Holoholo.Pgp.PgpSettingsGuiController" preserve="all"/>
<type fullname="Niantic.Holoholo.Pgp.PgpDeviceScanner" preserve="all"/>
<type fullname="Niantic.Holoholo.Pgp.PgpMapObjectMarker" preserve="all"/>
<type fullname="Niantic.Holoholo.Pgp.PgpNotificationCenter" preserve="all"/>
<type fullname="Niantic.Holoholo.Pgp.PgpService" preserve="all"/>
<type fullname="Niantic.Holoholo.Map.PlayerProximityService" preserve="all"/>
<type fullname="Niantic.Holoholo.Services.SettableObservableService`1" preserve="all"/>
<type fullname="Niantic.Holoholo.Sponsors.SponsorDataService" preserve="all"/>
<type fullname="CollisionTestPass" preserve="all"/>
<type fullname="UnityTest.CallTesting_Prefab" preserve="all"/>
<type fullname="UnityTest.TestCollection" preserve="all"/>
<type fullname="Niantic.Holoholo.Test.MockCoroutineTester" preserve="all"/>
<type fullname="TouchScript.InputSources.TuioInput" preserve="all"/>
<type fullname="TouchScript.Behaviors.TouchScriptInputModule" preserve="all"/>
<type fullname="TouchScript.Behaviors.Transformer" preserve="all"/>
<type fullname="TouchScript.Behaviors.Visualizer.TouchProxy" preserve="all"/>
<type fullname="TouchScript.Behaviors.Visualizer.TouchProxyBase" preserve="all"/>
<type fullname="TouchScript.Behaviors.Visualizer.TouchVisualizer" preserve="all"/>
<type fullname="TouchScript.DebuggableMonoBehaviour" preserve="all"/>
<type fullname="TouchScript.Devices.Display.DisplayDevice" preserve="all"/>
<type fullname="TouchScript.Devices.Display.GenericDisplayDevice" preserve="all"/>
<type fullname="TouchScript.GestureManager" preserve="all"/>
<type fullname="TouchScript.GestureManagerInstance" preserve="all"/>
<type fullname="TouchScript.Gestures.Base.PinnedTrasformGestureBase" preserve="all"/>
<type fullname="TouchScript.Gestures.Base.TransformGestureBase" preserve="all"/>
<type fullname="TouchScript.Gestures.Clustered.ClusteredPinnedTransformGesture" preserve="all"/>
<type fullname="TouchScript.Gestures.Clustered.ClusteredScreenTransformGesture" preserve="all"/>
<type fullname="TouchScript.Gestures.Clustered.ClusteredTransformGesture" preserve="all"/>
<type fullname="TouchScript.Gestures.FlickGesture" preserve="all"/>
<type fullname="TouchScript.Gestures.Gesture" preserve="all"/>
<type fullname="TouchScript.Gestures.LongPressGesture" preserve="all"/>
<type fullname="TouchScript.Gestures.MetaGesture" preserve="all"/>
<type fullname="TouchScript.Gestures.PinnedTransformGesture" preserve="all"/>
<type fullname="TouchScript.Gestures.PressGesture" preserve="all"/>
<type fullname="TouchScript.Gestures.ReleaseGesture" preserve="all"/>
<type fullname="TouchScript.Gestures.ScreenTransformGesture" preserve="all"/>
<type fullname="TouchScript.Gestures.TapGesture" preserve="all"/>
<type fullname="TouchScript.Gestures.TransformGesture" preserve="all"/>
<type fullname="TouchScript.Gestures.UI.UIGesture" preserve="all"/>
<type fullname="TouchScript.Hit.HitTest" preserve="all"/>
<type fullname="TouchScript.Hit.Untouchable" preserve="all"/>
<type fullname="TouchScript.InputSources.InputSource" preserve="all"/>
<type fullname="TouchScript.InputSources.MobileInput" preserve="all"/>
<type fullname="TouchScript.InputSources.MouseInput" preserve="all"/>
<type fullname="TouchScript.InputSources.StandardInput" preserve="all"/>
<type fullname="TouchScript.Layers.CameraLayer" preserve="all"/>
<type fullname="TouchScript.Layers.CameraLayer2D" preserve="all"/>
<type fullname="TouchScript.Layers.CameraLayerBase" preserve="all"/>
<type fullname="TouchScript.Layers.FullscreenLayer" preserve="all"/>
<type fullname="TouchScript.Layers.TouchLayer" preserve="all"/>
<type fullname="TouchScript.Layers.UILayer" preserve="all"/>
<type fullname="TouchScript.TouchManager" preserve="all"/>
<type fullname="TouchScript.TouchManagerInstance" preserve="all"/>
<type fullname="Niantic.Holoholo.UI.UiSpin" preserve="all"/>
<type fullname="Niantic.Holoholo.UI.UiCamera" preserve="all"/>
<type fullname="Niantic.Holoholo.UI.ColorUtil" preserve="all"/>
<type fullname="Niantic.Holoholo.UI.Conversations.ConversationGuiController" preserve="all"/>
<type fullname="Niantic.Holoholo.UI.Conversations.ConversationLayoutGui" preserve="all"/>
<type fullname="Niantic.Holoholo.UI.Conversations.ConversationService" preserve="all"/>
<type fullname="Niantic.Holoholo.Widget.DrawerRect" preserve="all"/>
<type fullname="Niantic.Holoholo.UI.FadeGraphicIn" preserve="all"/>
<type fullname="Niantic.Holoholo.UI.ActivityLogEntryView" preserve="all"/>
<type fullname="Niantic.Holoholo.UI.ActivityLogGuiController" preserve="all"/>
<type fullname="Niantic.Holoholo.UI.ActivityLogService" preserve="all"/>
<type fullname="Niantic.Holoholo.UI.DebugMenu.DebugGuiController" preserve="all"/>
<type fullname="DebugLunar" preserve="all"/>
<type fullname="Niantic.Holoholo.Map.Debug.GpsMenuGuiController" preserve="all"/>
<type fullname="Niantic.Holoholo.UI.EggHatchGuiController" preserve="all"/>
<type fullname="Niantic.Holoholo.UI.IncubatorEntry" preserve="all"/>
<type fullname="Niantic.Holoholo.UI.IncubatorSelectorGuiController" preserve="all"/>
<type fullname="Niantic.Holoholo.UI.IncubatorSelectorGuiService" preserve="all"/>
<type fullname="Niantic.Holoholo.UI.Items.ItemInventoryGuiController" preserve="all"/>
<type fullname="Niantic.Holoholo.UI.Items.ItemInventoryGuiService" preserve="all"/>
<type fullname="Niantic.Holoholo.UI.Items.Test.MockItemInventoryGuiController" preserve="all"/>
<type fullname="LevelUpAnimation" preserve="all"/>
<type fullname="Niantic.Holoholo.UI.LevelUpGuiController" preserve="all"/>
<type fullname="Niantic.Holoholo.LevelUpUnlockedItem" preserve="all"/>
<type fullname="Niantic.Holoholo.UI.BadgeDetailGuiController" preserve="all"/>
<type fullname="Niantic.Holoholo.Player.BadgeListItemView" preserve="all"/>
<type fullname="Niantic.Holoholo.Avatar.PlayerAvatarPortrait" preserve="all"/>
<type fullname="Niantic.Holoholo.Avatar.PlayerAvatarStage" preserve="all"/>
<type fullname="Niantic.Holoholo.Player.PlayerBadgeListAdapter" preserve="all"/>
<type fullname="Niantic.Holoholo.UI.PlayerProfileGuiController" preserve="all"/>
<type fullname="Niantic.Holoholo.UI.PlayerProfileGuiService" preserve="all"/>
<type fullname="Niantic.Holoholo.UI.Pokemon.PlayerProfileViewTouch" preserve="all"/>
<type fullname="Niantic.Holoholo.UI.Pokedex.PokedexInfoDynoScrollRect" preserve="all"/>
<type fullname="Niantic.Holoholo.UI.Pokedex.PokedexInfoGuiController" preserve="all"/>
<type fullname="Niantic.Holoholo.UI.Pokedex.PokedexInfoGuiService" preserve="all"/>
<type fullname="PokedexInfoPanel" preserve="all"/>
<type fullname="Niantic.Holoholo.Inventory.PokedexListAdapter" preserve="all"/>
<type fullname="Niantic.Holoholo.UI.Pokedex.PokedexListGuiController" preserve="all"/>
<type fullname="Niantic.Holoholo.Inventory.PokedexListItemView" preserve="all"/>
<type fullname="Niantic.Holoholo.UI.NicknamePopupGuiController" preserve="all"/>
<type fullname="Niantic.Holoholo.UI.PokemonCandySprite" preserve="all"/>
<type fullname="Niantic.Holoholo.UI.PokemonCandySpritesService" preserve="all"/>
<type fullname="Niantic.Holoholo.UI.Pokemon.PokemonInfoDynoScrollRect" preserve="all"/>
<type fullname="Niantic.Holoholo.UI.Pokemon.PokemonInfoGuiController" preserve="all"/>
<type fullname="Niantic.Holoholo.UI.Pokemon.PokemonInfoGuiService" preserve="all"/>
<type fullname="Niantic.Holoholo.UI.Pokemon.PokemonInfoPanel" preserve="all"/>
<type fullname="Niantic.Holoholo.UI.Pokemon.PokemonInfoPanelUpgradeSection" preserve="all"/>
<type fullname="Niantic.Holoholo.UI.Pokemon.PokemonInfoViewTouch" preserve="all"/>
<type fullname="Niantic.Holoholo.Inventory.EggListAdapter" preserve="all"/>
<type fullname="Niantic.Holoholo.Inventory.EggListItemView" preserve="all"/>
<type fullname="Niantic.Holoholo.UI.EggListPage" preserve="all"/>
<type fullname="Niantic.Holoholo.UI.PokemonBagObserver" preserve="all"/>
<type fullname="Niantic.Holoholo.UI.Pokemon.PokemonInventoryGuiController" preserve="all"/>
<type fullname="Niantic.Holoholo.UI.Pokemon.PokemonInventoryGuiService" preserve="all"/>
<type fullname="Niantic.Holoholo.UI.PokemonInventoryItemPreviewer" preserve="all"/>
<type fullname="Niantic.Holoholo.UI.PokemonInventoryList" preserve="all"/>
<type fullname="Niantic.Holoholo.UI.PokemonListItemView" preserve="all"/>
<type fullname="Niantic.Holoholo.UI.SetStaminaColor" preserve="all"/>
<type fullname="Niantic.Holoholo.UI.AboutScreenGuiController" preserve="all"/>
<type fullname="Niantic.Holoholo.UI.SettingsGuiController" preserve="all"/>
<type fullname="Niantic.Holoholo.Storefront.BuyItemGuiController" preserve="all"/>
<type fullname="Niantic.Holoholo.Storefront.CoinSpawner" preserve="all"/>
<type fullname="Niantic.Holoholo.Storefront.SmartCoinParticle" preserve="all"/>
<type fullname="Niantic.Holoholo.Storefront.IapService" preserve="all"/>
<type fullname="Niantic.Holoholo.Storefront.PokecoinCounter" preserve="all"/>
<type fullname="Niantic.Holoholo.Storefront.StorefrontButton" preserve="all"/>
<type fullname="Niantic.Holoholo.Storefront.StorefrontCategory" preserve="all"/>
<type fullname="Niantic.Holoholo.Storefront.StorefrontCoinFloater" preserve="all"/>
<type fullname="Niantic.Holoholo.Storefront.StorefrontGuiController" preserve="all"/>
<type fullname="Niantic.Holoholo.UI.XpAwardGuiController" preserve="all"/>
<type fullname="Niantic.Holoholo.UI.XpAwardService" preserve="all"/>
<type fullname="Niantic.Holoholo.ImageDownloadService" preserve="all"/>
<type fullname="Niantic.Holoholo.UI.GuiController" preserve="all"/>
<type fullname="Niantic.Holoholo.UI.GuiLayerService" preserve="all"/>
<type fullname="Niantic.Holoholo.UI.AnimateBlur" preserve="all"/>
<type fullname="Niantic.Holoholo.UI.GlobalErrorController" preserve="all"/>
<type fullname="Niantic.Holoholo.UI.ModalButtonContainer" preserve="all"/>
<type fullname="Niantic.Holoholo.UI.ModalDialog" preserve="all"/>
<type fullname="Niantic.Holoholo.UI.NumericalPickerDialog" preserve="all"/>
<type fullname="Niantic.Holoholo.UI.OneLineToastGuiController" preserve="all"/>
<type fullname="Niantic.Holoholo.UI.PokemonToastGuiController" preserve="all"/>
<type fullname="Niantic.Holoholo.UI.RewardItemToastItem" preserve="all"/>
<type fullname="Niantic.Holoholo.UI.RewardItemToastListGuiController" preserve="all"/>
<type fullname="Niantic.Holoholo.UI.ToastGuiController" preserve="all"/>
<type fullname="Niantic.Holoholo.UI.ToastService" preserve="all"/>
<type fullname="Niantic.Holoholo.UI.UserPromptsService" preserve="all"/>
<type fullname="Niantic.Holoholo.PoiDetailsService" preserve="all"/>
<type fullname="Niantic.Holoholo.UI.PoiInspectionGuiController" preserve="all"/>
<type fullname="Niantic.Holoholo.UI.PoiInspectionService" preserve="all"/>
<type fullname="Niantic.Holoholo.UI.QuickStartHelper" preserve="all"/>
<type fullname="Niantic.Holoholo.Widget.RecyclerView" preserve="all"/>
<type fullname="Niantic.Holoholo.Widget.RecyclerViewPrototype" preserve="all"/>
<type fullname="Niantic.Holoholo.UI.LoadingSpinner" preserve="all"/>
<type fullname="Niantic.Holoholo.UI.RpcSpinnerGuiController" preserve="all"/>
<type fullname="Niantic.Holoholo.UI.ScreenTransitionFX" preserve="all"/>
<type fullname="Niantic.Holoholo.UI.Transition.AlphaFadeTransition" preserve="all"/>
<type fullname="Niantic.Holoholo.UI.Transition.AnimatorTransition" preserve="all"/>
<type fullname="Niantic.Holoholo.UI.Transition.CompleteNowGuiTransition" preserve="all"/>
<type fullname="Niantic.Holoholo.UI.Transition.GuiTransition" preserve="all"/>
<type fullname="Niantic.Holoholo.UI.Transition.GuiTransitionInstaller" preserve="all"/>
<type fullname="Niantic.Holoholo.UI.Transition.ScreenWipeGuiController" preserve="all"/>
<type fullname="Niantic.Holoholo.UI.Transition.ScreenWipeTransition" preserve="all"/>
<type fullname="Niantic.Holoholo.UI.Transition.SlideTransition" preserve="all"/>
<type fullname="Niantic.Holoholo.UI.LetterSpacing" preserve="all"/>
<type fullname="Niantic.Holoholo.UI.ButtonReactiveFX" preserve="all"/>
<type fullname="Niantic.Holoholo.UI.ButtonReactiveFXController" preserve="all"/>
<type fullname="UnityTest.AssertionComponent" preserve="all"/>
<type fullname="UnityTest.ActionBase" preserve="all"/>
<type fullname="UnityTest.ActionBaseGeneric`1" preserve="all"/>
<type fullname="UnityTest.BoolComparer" preserve="all"/>
<type fullname="UnityTest.ColliderComparer" preserve="all"/>
<type fullname="UnityTest.ComparerBase" preserve="all"/>
<type fullname="UnityTest.ComparerBaseGeneric`1" preserve="all"/>
<type fullname="UnityTest.ComparerBaseGeneric`2" preserve="all"/>
<type fullname="UnityTest.FloatComparer" preserve="all"/>
<type fullname="UnityTest.GeneralComparer" preserve="all"/>
<type fullname="UnityTest.IntComparer" preserve="all"/>
<type fullname="UnityTest.IsRenderedByCamera" preserve="all"/>
<type fullname="UnityTest.StringComparer" preserve="all"/>
<type fullname="UnityTest.TransformComparer" preserve="all"/>
<type fullname="UnityTest.ValueDoesNotChange" preserve="all"/>
<type fullname="UnityTest.Vector2Comparer" preserve="all"/>
<type fullname="UnityTest.Vector3Comparer" preserve="all"/>
<type fullname="UnityTest.Vector4Comparer" preserve="all"/>
<type fullname="UnityTest.VectorComparerBase`1" preserve="all"/>
<type fullname="UnityTest.TestComponent" preserve="all"/>
<type fullname="UnityTest.TestRunner" preserve="all"/>
<type fullname="UnityTest.CallTesting" preserve="all"/>
<type fullname="Zenject.CompositionRoot" preserve="all"/>
<type fullname="Zenject.GlobalCompositionRoot" preserve="all"/>
<type fullname="Zenject.GlobalInstallerConfig" preserve="all"/>
<type fullname="Zenject.MonoInstaller" preserve="all"/>
<type fullname="Zenject.SceneCompositionRoot" preserve="all"/>
<type fullname="Zenject.UnityEventManager" preserve="all"/>
<type fullname="Zenject.DecoratorInstaller" preserve="all"/>
<type fullname="Zenject.SceneDecoratorCompositionRoot" preserve="all"/>
<type fullname="Zenject.ZenjectAutoBinding" preserve="all"/>
</assembly>
<assembly fullname="UnityEngine.UI">
<type fullname="UnityEngine.EventSystems.EventSystem" preserve="all"/>
<type fullname="UnityEngine.EventSystems.EventTrigger" preserve="all"/>
<type fullname="UnityEngine.EventSystems.UIBehaviour" preserve="all"/>
<type fullname="UnityEngine.EventSystems.BaseInputModule" preserve="all"/>
<type fullname="UnityEngine.EventSystems.PointerInputModule" preserve="all"/>
<type fullname="UnityEngine.EventSystems.StandaloneInputModule" preserve="all"/>
<type fullname="UnityEngine.EventSystems.TouchInputModule" preserve="all"/>
<type fullname="UnityEngine.EventSystems.BaseRaycaster" preserve="all"/>
<type fullname="UnityEngine.EventSystems.Physics2DRaycaster" preserve="all"/>
<type fullname="UnityEngine.EventSystems.PhysicsRaycaster" preserve="all"/>
<type fullname="UnityEngine.UI.Button" preserve="all"/>
<type fullname="UnityEngine.UI.Dropdown" preserve="all"/>
<type fullname="UnityEngine.UI.Dropdown/DropdownItem" preserve="all"/>
<type fullname="UnityEngine.UI.Graphic" preserve="all"/>
<type fullname="UnityEngine.UI.GraphicRaycaster" preserve="all"/>
<type fullname="UnityEngine.UI.Image" preserve="all"/>
<type fullname="UnityEngine.UI.InputField" preserve="all"/>
<type fullname="UnityEngine.UI.Mask" preserve="all"/>
<type fullname="UnityEngine.UI.MaskableGraphic" preserve="all"/>
<type fullname="UnityEngine.UI.RawImage" preserve="all"/>
<type fullname="UnityEngine.UI.RectMask2D" preserve="all"/>
<type fullname="UnityEngine.UI.Scrollbar" preserve="all"/>
<type fullname="UnityEngine.UI.ScrollRect" preserve="all"/>
<type fullname="UnityEngine.UI.Selectable" preserve="all"/>
<type fullname="UnityEngine.UI.Slider" preserve="all"/>
<type fullname="UnityEngine.UI.Text" preserve="all"/>
<type fullname="UnityEngine.UI.Toggle" preserve="all"/>
<type fullname="UnityEngine.UI.ToggleGroup" preserve="all"/>
<type fullname="UnityEngine.UI.AspectRatioFitter" preserve="all"/>
<type fullname="UnityEngine.UI.CanvasScaler" preserve="all"/>
<type fullname="UnityEngine.UI.ContentSizeFitter" preserve="all"/>
<type fullname="UnityEngine.UI.GridLayoutGroup" preserve="all"/>
<type fullname="UnityEngine.UI.HorizontalLayoutGroup" preserve="all"/>
<type fullname="UnityEngine.UI.HorizontalOrVerticalLayoutGroup" preserve="all"/>
<type fullname="UnityEngine.UI.LayoutElement" preserve="all"/>
<type fullname="UnityEngine.UI.LayoutGroup" preserve="all"/>
<type fullname="UnityEngine.UI.VerticalLayoutGroup" preserve="all"/>
<type fullname="UnityEngine.UI.BaseMeshEffect" preserve="all"/>
<type fullname="UnityEngine.UI.Outline" preserve="all"/>
<type fullname="UnityEngine.UI.PositionAsUV1" preserve="all"/>
<type fullname="UnityEngine.UI.Shadow" preserve="all"/>
</assembly>
<assembly fullname="Niantic.Promenade">
<type fullname="NianticLabs.Platform.NianticPlugin" preserve="all"/>
</assembly>
</linker>
